T,nb,seed,exact_val,t_exact,n_nodepairs,comono_val,t_comono,hybrid_val,t_hybrid,n_lp_hybrid,frac_lp,gap_comono_pct,gap_hybrid_pct,time_ratio
2,3,100,0.12258383129507584,0.0012490290009736782,11,0.12258383129507583,0.00015950200031511486,0.12258383129507583,0.00020351499915705062,0,0.0,-1.1321058953043119e-14,-1.1321058953043119e-14,0.16293856987980335
2,3,101,0.10178346215080329,0.0009087199996429263,11,0.1017834621508033,0.0001708879990474088,0.1017834621508033,0.00018792499940900598,0,0.0,1.3634619529106804e-14,1.3634619529106804e-14,0.2068018745959696
2,3,102,0.24559984467252047,0.0009016399999381974,11,0.24559984467252047,0.0001702939989627339,0.24559984467252047,0.00021720000040659215,0,0.0,0.0,0.0,0.24089437072609915
2,3,103,0.15309175561725452,0.0015391920005640713,11,0.17893960740710574,0.00017788100012694485,0.15309175561725452,0.00029301799986569677,1,0.09090909090909091,16.883895338213748,0.0,0.19037131154418277
2,3,104,0.20979987353023694,0.0011448189998191083,11,0.209799873530237,0.0001671070003794739,0.209799873530237,0.000232000000323751,0,0.0,2.6459096612971698e-14,2.6459096612971698e-14,0.20265212261537335
2,3,105,0.5345684241413392,0.0009569909998390358,11,0.5345684241413392,0.0001476299985370133,0.5345684241413392,0.00025409399859199766,1,0.09090909090909091,0.0,0.0,0.2655134673520815
2,3,106,0.4086637719617017,0.000887109001268982,11,0.4086637719617017,0.00015481300033570733,0.4086637719617017,0.00037551399873336777,1,0.09090909090909091,0.0,0.0,0.42330085502030373
2,3,107,0.252996288397153,0.0009460239998588804,11,0.25299628839715294,0.0001495809992775321,0.25299628839715294,0.00023638600032427348,0,0.0,-2.1941488384255087e-14,-2.1941488384255087e-14,0.24987315370385474
2,3,108,0.1851163887333591,0.0008867020005709492,11,0.1851163887333591,0.00013849900096829515,0.1851163887333591,0.0002009879990509944,0,0.0,0.0,0.0,0.22666916159158074
2,3,109,0.41584245293857014,0.0008407060013269074,11,0.4158424529385702,0.00017109100008383393,0.4158424529385702,0.00019221599904994946,0,0.0,1.3349082288012126e-14,1.3349082288012126e-14,0.22863640648047012
2,5,100,0.12876619108677698,0.0025132179998763604,27,0.1590702005614029,0.00047506299961241893,0.12876619108677698,0.0007655560002604034,1,0.037037037037037035,23.5341351785452,0.0,0.30461185631253057
2,5,101,0.18293457868998916,0.002117586998792831,27,0.21415918115107205,0.00036397700023371726,0.18293457868998914,0.0006570219993591309,1,0.037037037037037035,17.06872625431728,-1.5172405246940773e-14,0.31026918834205075
2,5,102,0.079463336449105,0.00272983000104432,27,0.0867492676754742,0.00036547000127029605,0.07946333644910501,0.0006175039998197462,1,0.037037037037037035,9.168921860002342,1.7464391036113816e-14,0.22620602732899658
2,5,103,0.15025018669789114,0.002047893000053591,27,0.15190541364649945,0.00038109999877633527,0.15025018669789114,0.0005665509997925255,1,0.037037037037037035,1.1016471825998368,0.0,0.2766506842777916
2,5,104,0.16593731752503604,0.0024241789997176966,27,0.17094198635517893,0.0003889799991156906,0.16593731752503607,0.0005711590001737932,1,0.037037037037037035,3.0159995983952204,1.6726542305013005e-14,0.2356092517261747
2,5,105,0.057262699329059,0.0020519209992926335,27,0.061970790087630984,0.0005888239993510069,0.057262699329058996,0.0009408859987161122,1,0.037037037037037035,8.221915511731341,-1.2117650731120809e-14,0.4585390953357695
2,5,106,0.197082246706327,0.0022602520002692472,27,0.21186330993753535,0.000375442001313786,0.197082246706327,0.000688054999045562,1,0.037037037037037035,7.499946584855843,0.0,0.30441517094713294
2,5,107,0.0728085860262333,0.00230505100080336,27,0.08340645201774625,0.0003646019995358074,0.0728085860262333,0.000564666999707697,1,0.037037037037037035,14.555791521201208,0.0,0.2449694169503835
2,5,108,0.13667694796926816,0.0020233220002410235,27,0.1504260964143189,0.00039545899926451966,0.13667694796926816,0.0005764420002378756,1,0.037037037037037035,10.059595747003534,0.0,0.2848987952333876
2,5,109,0.07488126455681664,0.0021558799999183975,27,0.08423219046732976,0.0003608169990911847,0.07488126455681665,0.0005914149987802375,1,0.037037037037037035,12.487670935922889,1.853305748767717e-14,0.2743264925703765
2,10,100,0.05039845118117278,0.010253873999317875,102,0.06232513623055086,0.0020103549995837966,0.05039845118117278,0.0026158960008615395,1,0.00980392156862745,23.66478486909038,0.0,0.2551129457057458
2,10,101,0.10032051814587549,0.009258246000172221,102,0.10238998819282533,0.0019498130004649283,0.1003205181458755,0.0029582299994217465,1,0.00980392156862745,2.062858212056513,1.3833449093270078e-14,0.31952380606075037
2,10,102,0.050919751622410137,0.009077990000150749,102,0.05560812941670355,0.002354256001126487,0.050919751622410137,0.002619869999762159,1,0.00980392156862745,9.20738543475147,0.0,0.28859582349381896
2,10,103,0.05267091643834156,0.009041331999469548,102,0.06128936072298945,0.0022571270001208177,0.05267091643834156,0.003571489998648758,1,0.00980392156862745,16.362814371640827,0.0,0.3950181233095186
2,10,104,0.041794820245529066,0.010159879000639194,102,0.04752069320529065,0.0021407310014183167,0.04179482024552907,0.0028087110003980342,1,0.00980392156862745,13.699958334846764,1.6602281964951162e-14,0.2764512254743711
2,10,105,0.09626866819287251,0.011403744998460752,102,0.11076385552982737,0.002136933000656427,0.09626866819287251,0.0028497750008682488,1,0.00980392156862745,15.057014508514877,0.0,0.24989816952701976
2,10,106,0.06136750955120669,0.01657702200100175,102,0.08077723205997946,0.0021333160002541263,0.061367509551206685,0.0027520679996086983,1,0.00980392156862745,31.628662545897797,-1.1307113413356346e-14,0.16601703245868832
2,10,107,0.06693247058872684,0.01107230600064213,102,0.07234057628112547,0.0021673910014214925,0.06693247058872684,0.002630103999763378,1,0.00980392156862745,8.079943329194096,0.0,0.23753895526467994
2,10,108,0.06122772491802889,0.008599750999565003,102,0.06369609397846947,0.0019925570013583638,0.0612277249180289,0.0026504540001042187,1,0.00980392156862745,4.031456441906348,1.133292787409128e-14,0.3082012491103853
2,10,109,0.05664855142496117,0.008576750000429456,102,0.07117179666507248,0.001959989000170026,0.05664855142496117,0.0026270239995938027,1,0.00980392156862745,25.637452105636545,0.0,0.30629597451974955
2,20,100,0.024421898320215275,0.04639554300047166,402,0.027688023866817246,0.01383337900006154,0.024421898320215282,0.016674976999638602,1,0.0024875621890547263,13.373757861805641,2.841259026192712e-14,0.3594090277048613
2,20,101,0.025511091546373522,0.04954671099949337,402,0.03015320355792119,0.013649179998537875,0.025511091546373526,0.016373092999856453,1,0.0024875621890547263,18.19644605605892,1.3599758934841838e-14,0.330457716961755
2,20,102,0.027621508498419156,0.04772224800035474,402,0.033509495359046564,0.013763196000581956,0.027621508498419153,0.016105647999211214,1,0.0024875621890547263,21.316673783274332,-1.2560671522166065e-14,0.3374872030146504
2,20,103,0.09287873056476754,0.047986765999667114,402,0.09666577571987384,0.013034401999902911,0.09287873056476753,0.015832545001103426,1,0.0024875621890547263,4.0774083927271745,-1.4941836223888735e-14,0.3299356535344194
2,20,104,0.02588782888771321,0.04706911199900787,402,0.03262317951736121,0.013718431999222958,0.025887828887713217,0.016432205000455724,1,0.0024875621890547263,26.017441087323895,2.680369193571324e-14,0.34910803077827524
2,20,105,0.08452698611999562,0.04758920700078306,402,0.09361276997915509,0.013451183998768101,0.08452698611999562,0.016672464000293985,1,0.0024875621890547263,10.748974116102008,0.0,0.3503412864185706
2,20,106,0.020325915056548332,0.04786259699903894,402,0.027791161680251933,0.013362968000365072,0.020325915056548335,0.016329206999216694,1,0.0024875621890547263,36.72772715488913,1.706908123103601e-14,0.34116842843994816
2,20,107,0.018999054096396798,0.046736657999645104,402,0.02345441300661099,0.013561947000198415,0.01899905409639679,0.01727463800125406,1,0.0024875621890547263,23.45042488751668,-3.6522312472509884e-14,0.3696164582710479
2,20,108,0.01876434987220283,0.046735183999771834,402,0.021557813290265158,0.013414409000688465,0.018764349872202834,0.01658427799884521,1,0.0024875621890547263,14.887078087370956,1.8489566521530227e-14,0.35485637542212684
2,20,109,0.03280872657781414,0.04699794699990889,402,0.03974586570016676,0.013356010000279639,0.032808726577814154,0.016944331000559032,1,0.0024875621890547263,21.14418889711996,4.2299074835775154e-14,0.36053342927068455
2,30,100,0.03548024836595162,0.14473101300063718,902,0.04048079672949241,0.04465930599872081,0.035480248365951615,0.05012020600042888,1,0.0011086474501108647,14.09389334585248,-1.9557061248100197e-14,0.34629900642102346
2,30,101,0.03381283090142035,0.1419949999999517,902,0.03622913591815811,0.04189341899837018,0.03381283090142036,0.05051263600034872,1,0.0011086474501108647,7.146118654727184,2.052148169473663e-14,0.35573531462633123
2,30,102,0.034565399053180186,0.14216724700054328,902,0.03955329483488839,0.04339333200005058,0.034565399053180186,0.05036678800024674,1,0.0011086474501108647,14.43031447151568,0.0,0.35427842251214353
2,30,103,0.06691485975851864,0.15056907899997896,902,0.07111137475950803,0.04463715800011414,0.06691485975851864,0.054628238000077545,1,0.0011086474501108647,6.271424637417919,0.0,0.3628117961728728
2,30,104,0.04073752422624931,0.1480110450011125,902,0.044987799117260335,0.042240094999215216,0.04073752422624931,0.051417541999398964,1,0.0011086474501108647,10.433316633101512,0.0,0.34738989917281166
2,30,105,0.026840353641482483,0.1470183729998098,902,0.033904853143862546,0.042028174000734,0.026840353641482503,0.050723119000394945,1,0.0011086474501108647,26.32044121602664,7.755740475620615e-14,0.3450121094760079
2,30,106,0.02345954149652134,0.14410067700009677,902,0.0266574640104888,0.04257014100039669,0.02345954149652135,0.049566734000109136,1,0.0011086474501108647,13.631649682674574,4.436719642369919e-14,0.3439729433059905
2,30,107,0.022268456109579986,0.14089819099899614,902,0.025939275246787727,0.04382752499986964,0.022268456109579986,0.055102328000430134,1,0.0011086474501108647,16.484389933204834,0.0,0.39107903096373126
2,30,108,0.023153810336535473,0.1419246130008105,902,0.02785313697442626,0.04151660100069421,0.023153810336535484,0.05141043000003265,1,0.0011086474501108647,20.296126510440917,4.4953036690626413e-14,0.3622375915849005
2,30,109,0.01799279838403007,0.1384684639997431,902,0.022183293370819288,0.04335925800114637,0.017992798384030066,0.05029620399909618,1,0.0011086474501108647,23.28984573354966,-1.9282419987726887e-14,0.3632321941491998
3,3,100,0.22293051792190136,0.007260812000822625,92,0.22462893541489926,0.001026971998726367,0.22293051792190138,0.0017331309991277521,4,0.043478260869565216,0.7618595734806044,1.24503257222739e-14,0.2386965808963783
3,3,101,0.34460912121356224,0.007470449998436379,92,0.42061678670815655,0.00093454399939219,0.34460912121356224,0.0023822339990147157,7,0.07608695652173914,22.056196663317742,0.0,0.3188876171466692
3,3,102,0.3140577686366637,0.00705714200012153,92,0.3176101367354617,0.0009924299993144814,0.3140577686366637,0.0020820000008825446,7,0.07608695652173914,1.1311193205692565,0.0,0.2950202788673787
3,3,103,0.41100705906484336,0.0075133130012545735,92,0.4349111743791668,0.0010704079995775828,0.41100705906484336,0.0019193419993825955,5,0.05434782608695652,5.815986559625531,0.0,0.25545881012305804
3,3,104,0.2921392715606691,0.0071342219998769,92,0.30312333353105314,0.0010013159990194254,0.2921392715606691,0.001999362999413279,8,0.08695652173913043,3.7598717596935476,0.0,0.2802496192924439
3,3,105,0.2659675104995628,0.007230014000015217,92,0.2666907328019417,0.0009623519999877317,0.2659675104995628,0.0024046010003075935,5,0.05434782608695652,0.2719212963344678,0.0,0.3325859397094573
3,3,106,0.236215813230463,0.007079478000378003,92,0.24192812741309713,0.0010215870006504701,0.236215813230463,0.0019225989999540616,7,0.07608695652173914,2.4182607017341935,0.0,0.2715735538483778
3,3,107,0.42520160540166263,0.007964892000018153,92,0.4277029263059577,0.0009889320008369396,0.42520160540166263,0.0021783800002594944,8,0.08695652173913043,0.5882670414501864,0.0,0.2734977448852451
3,3,108,0.2419396589128572,0.006918958000824205,92,0.256390666146993,0.001347979001366184,0.2419396589128572,0.0018698900003073504,6,0.06521739130434782,5.972979915351882,0.0,0.27025601255053205
3,3,109,0.3384893044706081,0.007260722999490099,92,0.3554925641328062,0.0009299850007664645,0.3384893044706081,0.0021114770006533945,9,0.09782608695652174,5.023278265406628,0.0,0.29080809181147355
3,4,100,0.2698993692209172,0.02143083599912643,274,0.28632618965793455,0.0034472159986762563,0.2698993692209172,0.005791417001091759,17,0.06204379562043796,6.086275964421297,0.0,0.2702375680224435
3,4,101,0.656331075675407,0.021779896000225563,274,0.6803973945985817,0.003178937999109621,0.656331075675407,0.00565224799902353,16,0.058394160583941604,3.6667955876398026,0.0,0.2595167579755657
3,4,102,0.33339698282158037,0.022412944001189317,274,0.3378421998736107,0.0031250810006895335,0.33339698282158037,0.005886726999960956,15,0.05474452554744526,1.3333105220118964,0.0,0.262648539149903
3,4,103,0.1910790917625724,0.02117727000040759,274,0.20300737020152596,0.0031585550004820107,0.1910790917625724,0.006057058000806137,17,0.06204379562043796,6.242586946025042,0.0,0.2860169417818992
3,4,104,0.19976993054425063,0.021319524001228274,274,0.2036904761285181,0.003124471000774065,0.19976993054425063,0.00558647599973483,16,0.058394160583941604,1.9625303836199879,0.0,0.26203568144452843
3,4,105,0.23023683276185766,0.021100885000123526,274,0.23321866717143486,0.003024579000339145,0.23023683276185766,0.006068274000426754,17,0.06204379562043796,1.2951161522715238,0.0,0.2875838620224332
3,4,106,0.32493193941270526,0.02167180600008578,274,0.3885383294011423,0.003058495998629951,0.32493193941270526,0.006389443999069044,16,0.058394160583941604,19.575296323101302,0.0,0.2948274822616885
3,4,107,0.38907220405450865,0.022421993000534712,274,0.41722985260356343,0.0032737239998823497,0.38907220405450865,0.005776713998784544,17,0.06204379562043796,7.237126748100957,0.0,0.2576360628890921
3,4,108,0.17974844467628653,0.021454054998685024,274,0.18424326191814636,0.003311582000605995,0.17974844467628653,0.006052643999282736,17,0.06204379562043796,2.500615373865766,0.0,0.28212121203444845
3,4,109,0.16727985601480688,0.021422832000098424,274,0.1947916255521125,0.003117214999292628,0.16727985601480688,0.006063210999855073,12,0.043795620437956206,16.44655261711272,0.0,0.2830256522493019
3,5,100,0.1879312827305903,0.0511408330003178,652,0.20061419840957706,0.00819463300103962,0.1879312827305903,0.013771390998954303,26,0.03987730061349693,6.748698510810689,0.0,0.26928366612387256
3,5,101,0.19564470946695595,0.053931632999592694,652,0.22327764316206467,0.008138113000313751,0.19564470946695597,0.01422504000038316,26,0.03987730061349693,14.124038299014607,1.418672433885404e-14,0.263760602251569
3,5,102,0.21279476942881156,0.05343236899898329,652,0.23626447230169437,0.008681059000082314,0.2127947694288116,0.013473887998770806,26,0.03987730061349693,11.029266807582111,1.3043354256371547e-14,0.2521671460800697
3,5,103,0.16591434310893388,0.05368483699930948,652,0.1834850522846468,0.008698192999872845,0.16591434310893388,0.014048238001123536,26,0.03987730061349693,10.590229178785682,0.0,0.2616798110294017
3,5,104,0.14014191095900078,0.05242985699987912,652,0.15959164750865218,0.008600530998592149,0.1401419109590008,0.014055152001674287,26,0.03987730061349693,13.878600924274197,1.9805335481509845e-14,0.26807534496435287
3,5,105,0.29713982913679277,0.05303441000069142,652,0.36060528805258646,0.008320470000398927,0.29713982913679277,0.013824215000568074,26,0.03987730061349693,21.35878555902932,0.0,0.26066500976230045
3,5,106,0.22510993873330837,0.05166682600065542,652,0.26242888099618084,0.008498720999341458,0.2251099387333084,0.013780037999822525,26,0.03987730061349693,16.578096228387704,1.2329786846289102e-14,0.26670959039844483
3,5,107,0.20832325818153136,0.05347683699983463,652,0.22276201377377935,0.008458813999823178,0.20832325818153133,0.014315476000774652,26,0.03987730061349693,6.930937869484632,-1.332332062099514e-14,0.26769489004779623
3,5,108,0.26779763339009605,0.05599705199892924,652,0.27646546894196794,0.011979799999608076,0.26779763339009605,0.014557848999174894,26,0.03987730061349693,3.236711035173941,0.0,0.25997527511721985
3,5,109,0.1820413891914722,0.0528508179995697,652,0.19373641509166628,0.008685390999744413,0.18204138919147222,0.01437235400044301,26,0.03987730061349693,6.424377418858954,1.5246848938532016e-14,0.2719419404361921
